{"class": "StandardScaler", "mean": [39.79713089016471, 1.141019529676806, -0.3878634974417859, 495.74797005915826], "std": [514.9047364298931, 5.163925073157666, 5.160402491384729, 105.08265387187238]}